time,title,description,tags
00:00:03,12GESTOScorporalesparaEXPONERysermsATRACTIVOLengua2,Gestos,Pulgar Abajo
00:00:09,12GESTOScorporalesparaEXPONERysermsATRACTIVOLengua2,Gestos,Pulgar Abajo
00:00:10,12GESTOScorporalesparaEXPONERysermsATRACTIVOLengua2,Gestos,Palma abierta
00:00:12,12GESTOScorporalesparaEXPONERysermsATRACTIVOLengua2,Gestos,Palma abierta
00:00:21,12GESTOScorporalesparaEXPONERysermsATRACTIVOLengua2,Gestos,Victoria
00:00:24,12GESTOScorporalesparaEXPONERysermsATRACTIVOLengua2,Gestos,Pulgar Abajo
00:00:27,12GESTOScorporalesparaEXPONERysermsATRACTIVOLengua2,Gestos,Palma abierta
00:00:45,12GESTOScorporalesparaEXPONERysermsATRACTIVOLengua2,Gestos,Pulgar arriba
00:00:49,12GESTOScorporalesparaEXPONERysermsATRACTIVOLengua2,Gestos,Palma abierta
00:00:53,12GESTOScorporalesparaEXPONERysermsATRACTIVOLengua2,Gestos,Pulgar arriba
00:00:55,12GESTOScorporalesparaEXPONERysermsATRACTIVOLengua2,Gestos,Pulgar Abajo
00:01:01,12GESTOScorporalesparaEXPONERysermsATRACTIVOLengua2,Gestos,Pulgar arriba
00:01:04,12GESTOScorporalesparaEXPONERysermsATRACTIVOLengua2,Gestos,Victoria
00:01:07,12GESTOScorporalesparaEXPONERysermsATRACTIVOLengua2,Gestos,Palma abierta
00:01:15,12GESTOScorporalesparaEXPONERysermsATRACTIVOLengua2,Gestos,Pulgar Abajo
00:01:19,12GESTOScorporalesparaEXPONERysermsATRACTIVOLengua2,Gestos,Palma abierta
00:01:30,12GESTOScorporalesparaEXPONERysermsATRACTIVOLengua2,Gestos,Pulgar arriba
00:01:32,12GESTOScorporalesparaEXPONERysermsATRACTIVOLengua2,Gestos,Palma abierta
00:01:35,12GESTOScorporalesparaEXPONERysermsATRACTIVOLengua2,Gestos,Palma abierta
00:01:40,12GESTOScorporalesparaEXPONERysermsATRACTIVOLengua2,Gestos,Pulgar arriba
00:01:51,12GESTOScorporalesparaEXPONERysermsATRACTIVOLengua2,Gestos,Pulgar arriba
00:02:01,12GESTOScorporalesparaEXPONERysermsATRACTIVOLengua2,Gestos,Palma abierta
00:02:04,12GESTOScorporalesparaEXPONERysermsATRACTIVOLengua2,Gestos,Pulgar arriba
00:02:10,12GESTOScorporalesparaEXPONERysermsATRACTIVOLengua2,Gestos,Victoria
00:02:22,12GESTOScorporalesparaEXPONERysermsATRACTIVOLengua2,Gestos,Pulgar Abajo
00:02:25,12GESTOScorporalesparaEXPONERysermsATRACTIVOLengua2,Gestos,Pulgar Abajo
00:02:28,12GESTOScorporalesparaEXPONERysermsATRACTIVOLengua2,Gestos,Palma abierta
00:02:54,12GESTOScorporalesparaEXPONERysermsATRACTIVOLengua2,Gestos,Palma abierta
00:03:04,12GESTOScorporalesparaEXPONERysermsATRACTIVOLengua2,Gestos,Pulgar arriba
00:03:08,12GESTOScorporalesparaEXPONERysermsATRACTIVOLengua2,Gestos,Palma abierta
00:03:21,12GESTOScorporalesparaEXPONERysermsATRACTIVOLengua2,Gestos,Palma abierta
00:03:23,12GESTOScorporalesparaEXPONERysermsATRACTIVOLengua2,Gestos,Palma abierta
00:03:27,12GESTOScorporalesparaEXPONERysermsATRACTIVOLengua2,Gestos,Palma abierta
00:03:30,12GESTOScorporalesparaEXPONERysermsATRACTIVOLengua2,Gestos,Pulgar Abajo
00:03:35,12GESTOScorporalesparaEXPONERysermsATRACTIVOLengua2,Gestos,Pulgar arriba
00:03:38,12GESTOScorporalesparaEXPONERysermsATRACTIVOLengua2,Gestos,Palma abierta
00:03:55,12GESTOScorporalesparaEXPONERysermsATRACTIVOLengua2,Gestos,Pulgar arriba
00:03:58,12GESTOScorporalesparaEXPONERysermsATRACTIVOLengua2,Gestos,Pulgar arriba
00:04:14,12GESTOScorporalesparaEXPONERysermsATRACTIVOLengua2,Gestos,Palma abierta
00:04:17,12GESTOScorporalesparaEXPONERysermsATRACTIVOLengua2,Gestos,Pulgar arriba
00:04:24,12GESTOScorporalesparaEXPONERysermsATRACTIVOLengua2,Gestos,Pulgar Abajo
00:04:29,12GESTOScorporalesparaEXPONERysermsATRACTIVOLengua2,Gestos,Palma abierta
00:04:37,12GESTOScorporalesparaEXPONERysermsATRACTIVOLengua2,Gestos,Pulgar arriba
00:04:44,12GESTOScorporalesparaEXPONERysermsATRACTIVOLengua2,Gestos,Pulgar arriba
00:04:52,12GESTOScorporalesparaEXPONERysermsATRACTIVOLengua2,Gestos,Palma abierta
00:05:01,12GESTOScorporalesparaEXPONERysermsATRACTIVOLengua2,Gestos,Pulgar Abajo
00:05:04,12GESTOScorporalesparaEXPONERysermsATRACTIVOLengua2,Gestos,Pulgar Abajo
00:05:20,12GESTOScorporalesparaEXPONERysermsATRACTIVOLengua2,Gestos,Pulgar Abajo
00:05:26,12GESTOScorporalesparaEXPONERysermsATRACTIVOLengua2,Gestos,Pulgar arriba
00:06:04,12GESTOScorporalesparaEXPONERysermsATRACTIVOLengua2,Gestos,Palma abierta
00:06:06,12GESTOScorporalesparaEXPONERysermsATRACTIVOLengua2,Gestos,Palma abierta
00:06:08,12GESTOScorporalesparaEXPONERysermsATRACTIVOLengua2,Gestos,Palma abierta
00:06:15,12GESTOScorporalesparaEXPONERysermsATRACTIVOLengua2,Gestos,Palma abierta
00:06:31,12GESTOScorporalesparaEXPONERysermsATRACTIVOLengua2,Gestos,Pulgar arriba
00:06:42,12GESTOScorporalesparaEXPONERysermsATRACTIVOLengua2,Gestos,Pulgar Abajo
00:06:46,12GESTOScorporalesparaEXPONERysermsATRACTIVOLengua2,Gestos,Pulgar Abajo
00:06:50,12GESTOScorporalesparaEXPONERysermsATRACTIVOLengua2,Gestos,Pulgar Abajo
00:06:56,12GESTOScorporalesparaEXPONERysermsATRACTIVOLengua2,Gestos,Pulgar arriba
00:06:58,12GESTOScorporalesparaEXPONERysermsATRACTIVOLengua2,Gestos,Victoria
00:07:02,12GESTOScorporalesparaEXPONERysermsATRACTIVOLengua2,Gestos,Pulgar arriba
